{
  "pearson_r": -0.4032816563631115,
  "pearson_p": 0.2478371608625373,
  "spearman_r": -0.6,
  "spearman_p": 0.06668799999999996,
  "rho_shared": 0.34897959183673466
}