{
  "pearson_r": -0.40328165621541945,
  "pearson_p": 0.24783716105222853,
  "spearman_r": -0.6,
  "spearman_p": 0.06668799999999996,
  "rho_shared": 0.34897959183673466
}