{
  "k": 1000,
  "num_eigenvectors": 50,
  "checkpoints": [
    10,
    20,
    50,
    100
  ],
  "spectra": {
    "10": {
      "eigenvalues": [
        23.62749671936035,
        21.513036727905273,
        18.784435272216797,
        11.223272323608398,
        10.708343505859375,
        7.921967506408691,
        7.390255928039551,
        6.831711769104004,
        6.304058074951172,
        1.861859679222107,
        1.4145865440368652,
        1.393742561340332,
        1.2960799932479858,
        1.154809594154358,
        1.059829592704773,
        0.9752804636955261,
        0.9497331380844116,
        0.927719235420227,
        0.8784717917442322,
        0.8083590865135193,
        0.788020670413971,
        0.7488449811935425,
        0.7535240054130554,
        0.7072120904922485,
        0.6957258582115173,
        0.6672931909561157,
        0.6474317312240601,
        0.6572933793067932,
        0.6007609367370605,
        0.6047903299331665,
        0.5566454529762268,
        0.5355255007743835,
        0.5326764583587646,
        0.5016376972198486,
        0.48675864934921265,
        0.484420508146286,
        0.46218833327293396,
        0.4616328477859497,
        0.4497638940811157,
        0.426658570766449,
        0.4237709939479828,
        0.4058031439781189,
        0.405366986989975,
        0.38296815752983093,
        0.38065004348754883,
        0.3696516454219818,
        0.3656667172908783,
        0.34366869926452637,
        0.33748573064804077,
        0.327553391456604
      ],
      "loss": 0.2072243094444275
    },
    "20": {
      "eigenvalues": [
        16.506690979003906,
        14.212873458862305,
        13.28376579284668,
        7.019952297210693,
        6.872638702392578,
        5.392510890960693,
        4.967514514923096,
        4.480300426483154,
        3.9686970710754395,
        1.3534789085388184,
        1.0080033540725708,
        0.9632081389427185,
        0.9227756857872009,
        0.822624683380127,
        0.758029580116272,
        0.6815441846847534,
        0.6694033145904541,
        0.6171022653579712,
        0.6006504893302917,
        0.5733474493026733,
        0.5579501390457153,
        0.5457642078399658,
        0.5169499516487122,
        0.4835067689418793,
        0.48333287239074707,
        0.45982807874679565,
        0.44540002942085266,
        0.4374646544456482,
        0.4277052879333496,
        0.39463216066360474,
        0.3833414316177368,
        0.3908924162387848,
        0.3740377426147461,
        0.36679160594940186,
        0.3577119708061218,
        0.3514900803565979,
        0.33090072870254517,
        0.3192860782146454,
        0.2989267110824585,
        0.29846230149269104,
        0.2826591432094574,
        0.28010478615760803,
        0.264944851398468,
        0.26982101798057556,
        0.25853875279426575,
        0.2506125569343567,
        0.2461332082748413,
        0.24058008193969727,
        0.2365991175174713,
        0.23264290392398834
      ],
      "loss": 0.07854628562927246
    },
    "50": {
      "eigenvalues": [
        5.127313613891602,
        4.345094680786133,
        4.044293403625488,
        2.1445364952087402,
        2.0223007202148438,
        1.7177906036376953,
        1.4165313243865967,
        1.2382978200912476,
        1.090562343597412,
        0.42781585454940796,
        0.33642980456352234,
        0.3111223578453064,
        0.2893449366092682,
        0.2669898569583893,
        0.24646276235580444,
        0.22765010595321655,
        0.21418750286102295,
        0.19783926010131836,
        0.18319515883922577,
        0.18126210570335388,
        0.17076972126960754,
        0.1637859344482422,
        0.1583465039730072,
        0.15381716191768646,
        0.1434948742389679,
        0.14175823330879211,
        0.13776624202728271,
        0.13263216614723206,
        0.13130900263786316,
        0.12422166764736176,
        0.12273111194372177,
        0.11741916835308075,
        0.11534202843904495,
        0.11329364776611328,
        0.10851237177848816,
        0.10639771819114685,
        0.0997418612241745,
        0.10076294094324112,
        0.09449618309736252,
        0.09282919764518738,
        0.08882033079862595,
        0.08875130116939545,
        0.08553145825862885,
        0.08376891911029816,
        0.08133280277252197,
        0.07940121740102768,
        0.0784759670495987,
        0.07559491693973541,
        0.0752800926566124,
        0.07214654982089996
      ],
      "loss": 0.012664793990552425
    },
    "100": {
      "eigenvalues": [
        1.6460628509521484,
        1.37428617477417,
        1.2690434455871582,
        0.6850728988647461,
        0.6411648392677307,
        0.546295702457428,
        0.451121985912323,
        0.3933747708797455,
        0.343443900346756,
        0.1346917450428009,
        0.10980647802352905,
        0.10209380835294724,
        0.09462783485651016,
        0.08774486929178238,
        0.07870616763830185,
        0.0740869864821434,
        0.06855561584234238,
        0.06504486501216888,
        0.05955761671066284,
        0.058348581194877625,
        0.05483965948224068,
        0.05172322690486908,
        0.05022313818335533,
        0.04877153038978577,
        0.047717247158288956,
        0.04572119563817978,
        0.04519118368625641,
        0.04336751997470856,
        0.042047061026096344,
        0.03999844938516617,
        0.03981945663690567,
        0.03786366060376167,
        0.03756311535835266,
        0.03661186620593071,
        0.03566168621182442,
        0.034125544130802155,
        0.03315650299191475,
        0.03206804394721985,
        0.03064780682325363,
        0.030118152499198914,
        0.028969790786504745,
        0.02891627326607704,
        0.027994388714432716,
        0.027434853836894035,
        0.026059240102767944,
        0.0262406375259161,
        0.02556699886918068,
        0.024875709787011147,
        0.02411174774169922,
        0.023198410868644714
      ],
      "loss": 0.003129174467176199
    }
  }
}